Forename,Surname,Email
Briney,Whellams,4390@school.com
Anthea,Rousel,7284@school.com
Kally,Sketh,7632@school.com
Wandie,Simonin,6405@school.com
Reine,Conaghan,7106@school.com
Marius,Rexworthy,6942@school.com
Cairistiona,MacScherie,3417@school.com
Colan,Janku,1492@school.com
Chicky,Frape,6666@school.com
Amy,Goodlett,4122@school.com
Josephine,Garmans,2011@school.com
Celestyn,Cawthron,5337@school.com
Hendrika,Farquar,6817@school.com
Rand,Barme,4714@school.com
Valerie,Batte,8579@school.com
Davide,Trevon,962@school.com
Amye,Skouling,9828@school.com
Shayne,Billion,Shayne.Billion@school.com
Hazlett,Clausner,Hazlett.Clausner@school.com
Marcelline,Fewkes,Marcelline.Fewkes@school.com
Nickola,Kynaston,Nickola.Kynaston@school.com
Oran,Hindrick,Oran.Hindrick@school.com
Frank,Wadly,Frank.Wadly@school.com
Lynde,Roze,Lynde.Roze@school.com
Alfonso,Cardiff,Alfonso.Cardiff@school.com
Hilary,Gemmill,Hilary.Gemmill@school.com
Thornton,Sallnow,Thornton.Sallnow@school.com
Sandie,Wilsher,Sandie.Wilsher@school.com
Shanna,Ladell,Shanna.Ladell@school.com
Johanna,Perrins,Johanna.Perrins@school.com
Terence,Waldera,Terence.Waldera@school.com
Eugenia,Bullon,Eugenia.Bullon@school.com
Gates,Eberdt,Gates.Eberdt@school.com
Bernadine,Cornish,Bernadine.Cornish@school.com
Valerie,Djuricic,Valerie.Djuricic@school.com
Nerita,Robichon,Nerita.Robichon@school.com
Steffane,Parken,Steffane.Parken@school.com
Willa,Roubeix,Willa.Roubeix@school.com
Karlan,Hemms,Karlan.Hemms@school.com
Moira,Winders,Moira.Winders@school.com
Ketti,Pilbury,Ketti.Pilbury@school.com
Chiarra,Poulden,Chiarra.Poulden@school.com
Anastasie,Klimpke,Anastasie.Klimpke@school.com
Giles,Dorkin,Giles.Dorkin@school.com
Elvin,Ramard,Elvin.Ramard@school.com
Merlina,Cullinan,Merlina.Cullinan@school.com
Kamilah,Fosbraey,Kamilah.Fosbraey@school.com
Gladys,Lonergan,Gladys.Lonergan@school.com
Wade,Osban,Wade.Osban@school.com
Candide,Smethurst,Candide.Smethurst@school.com
Lothario,Dobbinson,Lothario.Dobbinson@school.com
Justus,Kildea,Justus.Kildea@school.com
Miguela,Claw,Miguela.Claw@school.com
Torrey,Hubble,Torrey.Hubble@school.com
Roselle,Rangall,Roselle.Rangall@school.com
Dorise,Dunnet,Dorise.Dunnet@school.com
Carlin,Prattington,Carlin.Prattington@school.com
Matteo,Gard,Matteo.Gard@school.com
Hunter,Flancinbaum,Hunter.Flancinbaum@school.com
Enrichetta,Demicoli,Enrichetta.Demicoli@school.com
Cassandra,Sampey,Cassandra.Sampey@school.com
Kareem,Murrey,Kareem.Murrey@school.com
Amanda,Meldrum,Amanda.Meldrum@school.com
Shaylyn,Shuttlewood,Shaylyn.Shuttlewood@school.com
Mikael,Gherardelli,Mikael.Gherardelli@school.com
Warner,Sherville,Warner.Sherville@school.com
Shanta,Keeltagh,Shanta.Keeltagh@school.com
Flori,Sinott,Flori.Sinott@school.com
Rafi,Hickinbottom,Rafi.Hickinbottom@school.com
Cory,Legerwood,Cory.Legerwood@school.com
Alvie,Goroni,Alvie.Goroni@school.com
Rubia,Arnowicz,Rubia.Arnowicz@school.com
Killy,Ketchell,Killy.Ketchell@school.com
Kris,Brickell,Kris.Brickell@school.com
Chrissy,Lettice,Chrissy.Lettice@school.com
Gayle,Daws,Gayle.Daws@school.com
Theresita,Varian,Theresita.Varian@school.com
Tonnie,Lowdyane,Tonnie.Lowdyane@school.com
Shirline,Castree,Shirline.Castree@school.com
Florrie,Kershow,Florrie.Kershow@school.com
Wait,Gabbotts,Wait.Gabbotts@school.com
Letisha,Gurnay,Letisha.Gurnay@school.com
Currie,Pellman,Currie.Pellman@school.com
Eward,Oxenham,Eward.Oxenham@school.com
Skipp,Kennady,Skipp.Kennady@school.com
Errol,Bywaters,Errol.Bywaters@school.com
Yolande,Ledgeway,Yolande.Ledgeway@school.com
Erick,Lyddyard,Erick.Lyddyard@school.com
Jordana,Hurtic,Jordana.Hurtic@school.com
Kristoffer,Kubec,Kristoffer.Kubec@school.com
Tiertza,Januszewicz,Tiertza.Januszewicz@school.com
Sharity,Espadero,Sharity.Espadero@school.com
Jess,Orford,Jess.Orford@school.com
Marylou,Souten,Marylou.Souten@school.com
Olivie,Sergeant,Olivie.Sergeant@school.com
Marlie,Skally,Marlie.Skally@school.com
Marilee,Rodolf,Marilee.Rodolf@school.com
Dexter,Greatbanks,Dexter.Greatbanks@school.com
Gran,Attenborrow,Gran.Attenborrow@school.com
Cassaundra,Oxbe,Cassaundra.Oxbe@school.com
Filmer,Farman,ffarman2s@school.com
Abran,De Zamudio,adezamudio2t@school.com
Alonso,Osorio,aosorio2u@school.com
Catherine,Keyser,ckeyser2v@school.com
Noble,Dansken,ndansken2w@school.com
Johann,Finnie,jfinnie2x@school.com
Dorelle,Roose,droose2y@school.com
Conney,Alywin,calywin2z@school.com
Stacey,Cranage,scranage30@school.com
Missy,Ramsier,mramsier31@school.com
Heywood,McInility,hmcinility32@school.com
Dillie,Houselee,dhouselee33@school.com
Richie,Dittson,rdittson34@school.com
Terrye,Esterbrook,testerbrook35@school.com
Barde,Kleinberer,bkleinberer36@school.com
Genia,Head,ghead37@school.com
Shaine,Espinoy,sespinoy38@school.com
Rebekkah,Terrey,rterrey39@school.com
Gwennie,De Avenell,gdeavenell3a@school.com
Luther,Snasel,lsnasel3b@school.com
Lennie,Burdoun,lburdoun3c@school.com
Regan,Godar,rgodar3d@school.com
Juline,Gyer,jgyer3e@school.com
Noel,Sewards,nsewards3f@school.com
Heath,Sawnwy,hsawnwy3g@school.com
May,Mahody,mmahody3h@school.com
Beitris,Darbishire,bdarbishire3i@school.com
Elmer,Gallyhaock,egallyhaock3j@school.com
Annissa,Stimson,astimson3k@school.com
Celisse,Palfreman,cpalfreman3l@school.com
Jacquenetta,Laval,jlaval3m@school.com
Amerigo,Gorring,agorring3n@school.com
Loutitia,Lamlin,llamlin3o@school.com
Minda,Annice,mannice3p@school.com
Ikey,Hastler,ihastler3q@school.com
Sella,McKag,smckag3r@school.com
Kalle,Hember,khember3s@school.com
Helga,Farrier,hfarrier3t@school.com
Liv,Bocken,lbocken3u@school.com
Katheryn,Evenett,kevenett3v@school.com
Maryjo,Robelow,mrobelow3w@school.com
Lesli,Ferrino,lferrino3x@school.com
Tabor,Stanton,tstanton3y@school.com
Danya,Fritter,dfritter3z@school.com
Sherill,Lanmeid,slanmeid40@school.com
Melodee,Linstead,mlinstead41@school.com
Meredithe,Batram,mbatram42@school.com
Gay,Tudhope,gtudhope43@school.com
Gerianne,Drackford,gdrackford44@school.com
Chrissy,Purchall,cpurchall45@school.com
